"id","name","user_id","created_at","is_deleted"
"8a394260-5228-11eb-96e0-717803b7f93f","2020 Surveys","095ff2de-50ce-11eb-a07c-bf277141b12d","8/1/2021 19:12:42.651741-08:08","f"
"b4b49ea4-5228-11eb-96e0-717803b7f93f","2021 Surveys","095ff2de-50ce-11eb-a07c-bf277141b12d","8/1/2021 19:13:54.882621-08:08","f"
"9bc08510-cd44-11eb-aabb-3f501332bb7b","eerrr22eeeee33","095ff2de-50ce-11eb-a07c-bf277141b12d","14/6/2021 12:13:31.945863-07:07","t"
