"id","name","created_at","is_deleted"
"4","ICA","26/1/2021 08:44:16.304133-08:08","f"
"5","NQA","26/1/2021 08:44:41.056372-08:08","f"
"6","ABC","26/1/2021 09:39:56.996256-08:08","t"
"7","DDDD","26/1/2021 10:18:22.363484-08:08","t"
"8","AAAA","26/1/2021 10:18:56.440862-08:08","t"
"9","surveys","26/1/2021 12:31:58.500253-08:08","t"
"10","medical college od fubai","25/3/2021 08:47:38.408616-07:07","f"
